group,mean,std,count
Love Live!,7.615787816299788,1.6245620325952583,393772
Love Live! Sunshine!!,7.4695943511780385,1.6766477542772193,138790
Love Live! Nijigasaki,7.562496883880939,1.6558626593214598,20057
Love Live! Superstar!!,8.107191847932588,1.6535264519960635,5103
iM@S,7.514103684776762,1.6052387372134558,59488
iM@S CG,7.22271273803274,1.5673403180544934,41906
Bandori,7.359061475065175,1.6680082065689024,59455
